{"loss": "coxph", "learning_rate": 0.004645967017840466, "n_estimators": 134, "criterion": "friedman_mse", "min_samples_split": 4, "min_samples_leaf": 1, "min_weight_fraction_leaf": 0.05159598866050061, "min_impurity_decrease": 0.3211246858128828, "max_features": 0.9800160158982418, "subsample": 0.7618208024854627, "dropout_rate": 0.36976872325477317, "ccp_alpha": 0.002347135190183855, "UnoC_LR": 0.8808013426064705}