{"loss": "coxph", "learning_rate": 0.001317427140431025, "n_estimators": 920, "criterion": "friedman_mse", "min_samples_split": 2, "min_samples_leaf": 6, "min_weight_fraction_leaf": 0.010225982206401125, "min_impurity_decrease": 0.9526146434683818, "max_features": 0.2526227469550755, "subsample": 0.3453967050783214, "dropout_rate": 0.20825772436808648, "ccp_alpha": 0.002156682704769007, "UnoC_LR": 0.8349451173694054}