{"loss": "coxph", "learning_rate": 0.00018771369015567628, "n_estimators": 361, "criterion": "squared_error", "min_samples_split": 7, "min_samples_leaf": 10, "min_weight_fraction_leaf": 0.18467613089226587, "min_impurity_decrease": 0.03892003884009698, "max_features": 0.8430994376111369, "subsample": 0.25481491532164796, "dropout_rate": 0.13028118858724377, "ccp_alpha": 0.014966792041178607, "UnoC": 0.6933481836305168}