{"loss": "coxph", "learning_rate": 0.09450938081019804, "n_estimators": 152, "criterion": "friedman_mse", "min_samples_split": 3, "min_samples_leaf": 3, "min_weight_fraction_leaf": 0.01641918596620047, "min_impurity_decrease": 0.6059208066615676, "max_features": 0.6360435181524643, "subsample": 0.1099890912801106, "dropout_rate": 0.00042444183152235, "ccp_alpha": 0.0018042303936572587, "UnoC": 0.8627512492330924}