{"loss": "coxph", "learning_rate": 0.05326036681207171, "n_estimators": 413, "criterion": "friedman_mse", "min_samples_split": 6, "min_samples_leaf": 10, "min_weight_fraction_leaf": 0.0013256181705589669, "min_impurity_decrease": 0.10302668262176118, "max_features": 0.6380604646352928, "subsample": 0.32060745061710066, "dropout_rate": 0.027233809246884743, "ccp_alpha": 0.0021238506677129228, "UnoC_LR": 0.9298595877394886}