{"loss": "coxph", "learning_rate": 0.0042641785443198865, "n_estimators": 213, "criterion": "friedman_mse", "min_samples_split": 2, "min_samples_leaf": 2, "min_weight_fraction_leaf": 0.07044458900638266, "min_impurity_decrease": 0.34657322016898084, "max_features": 0.9493715847660741, "subsample": 0.8064275977878402, "dropout_rate": 0.45823670487531626, "ccp_alpha": 0.005126301893450966, "UnoC": 0.7600100187343619}