{"loss": "coxph", "learning_rate": 0.00033995758940316977, "n_estimators": 259, "criterion": "friedman_mse", "min_samples_split": 2, "min_samples_leaf": 1, "min_weight_fraction_leaf": 0.05186153197318359, "min_impurity_decrease": 0.25534755583477253, "max_features": 0.12119539925669612, "subsample": 0.04662493655183525, "dropout_rate": 0.840223517523193, "ccp_alpha": 0.08419353011339853, "UnoC_LR": 0.8497573035489246}