{"loss": "coxph", "learning_rate": 0.07956477642784399, "n_estimators": 206, "criterion": "friedman_mse", "min_samples_split": 9, "min_samples_leaf": 6, "min_weight_fraction_leaf": 0.0011495967608824292, "min_impurity_decrease": 0.6824661478957649, "max_features": 0.18202461798952774, "subsample": 0.6524917216713446, "dropout_rate": 0.025625229303524805, "ccp_alpha": 0.0016418287499199553, "UnoC": 0.6750347494547368}