{"loss": "coxph", "learning_rate": 1.2745966283612484e-06, "n_estimators": 395, "criterion": "friedman_mse", "min_samples_split": 10, "min_samples_leaf": 1, "min_weight_fraction_leaf": 0.1138343326389939, "min_impurity_decrease": 0.6652059900562292, "max_features": 0.5612389360771136, "subsample": 0.10302681646187198, "dropout_rate": 0.6800472639365835, "ccp_alpha": 0.0038312984208842223, "UnoC_LR": 0.7879949387224262}