{"loss": "coxph", "learning_rate": 0.0013971654585556252, "n_estimators": 623, "criterion": "friedman_mse", "min_samples_split": 5, "min_samples_leaf": 3, "min_weight_fraction_leaf": 0.06051776602264631, "min_impurity_decrease": 0.2686862347610615, "max_features": 0.732294710437406, "subsample": 0.9999041933346642, "dropout_rate": 0.606180590130397, "ccp_alpha": 0.0020705719228226705, "UnoC": 0.7824105962295036}