{"alpha": 2.292208483223857, "ties": "efron", "UnoC_LR": 0.8654869897806009}