{"alpha": 2.323999618444634, "ties": "efron", "UnoC": 0.7309739795612015}