{"alpha": 3.770957059564586, "ties": "breslow", "UnoC_LR": 0.835911286090736}