{"alpha": 0.7163033054514019, "ties": "efron", "UnoC_LR": 0.8423527006348241}