{"alpha": 0.7532346161291328, "ties": "efron", "UnoC": 0.6847054012696481}