{"alpha": 3.773822021927384, "ties": "breslow", "UnoC": 0.6718225721814719}