{"alpha": 1.2126152404223869, "ties": "breslow", "UnoC": 0.745409816487361}