{"alpha": 1.901950441915944, "ties": "breslow", "UnoC": 0.8300537566720008}