{"alpha": 1.2171135171603977, "ties": "breslow", "UnoC_LR": 0.7727038262700389}