{"alpha": 1.902531234373698, "ties": "breslow", "UnoC_LR": 0.9150268460560183}