{"n_estimators": 100, "min_samples_split": 0.1823316131264906, "min_samples_leaf": 0.050091665904561135, "min_weight_fraction_leaf": 0.023184957262683298, "max_features": 0.6029199291777201, "bootstrap": false, "max_samples": 0.9086856608815692, "UnoC": 0.7566204211119171}