{"n_estimators": 528, "min_samples_split": 0.2785372539864237, "min_samples_leaf": 0.030808333109961134, "min_weight_fraction_leaf": 0.04090745074272355, "max_features": 0.7038678988047188, "bootstrap": false, "max_samples": 0.6183698914942392, "UnoC_LR": 0.8778163779435968}