{"n_estimators": 125, "min_samples_split": 0.0912828061925992, "min_samples_leaf": 0.06510640753509316, "min_weight_fraction_leaf": 0.15890924455242, "max_features": 0.5231155093813271, "bootstrap": true, "max_samples": 0.9968542625853066, "oob_score": true, "UnoC_LR": 0.8458886292722421}