{"n_estimators": 537, "min_samples_split": 0.009721998497226114, "min_samples_leaf": 0.017686434296861144, "min_weight_fraction_leaf": 0.015223746797367854, "max_features": 0.5443434345920365, "bootstrap": true, "max_samples": 0.5553505585334003, "oob_score": false, "UnoC": 0.7934743934756637}