{"n_estimators": 124, "min_samples_split": 0.03761532050050915, "min_samples_leaf": 0.13645173002854044, "min_weight_fraction_leaf": 0.04666117897858357, "max_features": 0.8542962778415047, "bootstrap": false, "max_samples": 0.3443573258239851, "UnoC": 0.841484988947041}