{"n_estimators": 751, "min_samples_split": 0.0030070831372971387, "min_samples_leaf": 0.0010468931871152973, "min_weight_fraction_leaf": 0.0012233898828817584, "max_features": 0.10263938614699752, "bootstrap": false, "max_samples": 0.331724336530432, "UnoC": 0.6908430332111252}