{"n_estimators": 191, "min_samples_split": 0.011178575906283055, "min_samples_leaf": 0.010493031259528765, "min_weight_fraction_leaf": 0.0005850989602748649, "max_features": 0.49467891866296987, "bootstrap": false, "max_samples": 0.11184527789233159, "UnoC_LR": 0.8962879544043598}