{"n_estimators": 279, "min_samples_split": 0.025006137990311515, "min_samples_leaf": 0.015172773137428505, "min_weight_fraction_leaf": 2.3681978745946275e-06, "max_features": 0.24619583293237662, "bootstrap": false, "max_samples": 0.20801858860979464, "UnoC_LR": 0.8411330872952079}