{"n_estimators": 845, "min_samples_split": 0.0010543463764563343, "min_samples_leaf": 0.02160552686936366, "min_weight_fraction_leaf": 0.06626227983976722, "max_features": 0.48591576282351767, "bootstrap": true, "max_samples": 0.43197428926891, "oob_score": true, "UnoC": 0.696197846611031}