{"splitter": "best", "min_samples_split": 0.27577889543622125, "min_samples_leaf": 0.01425957772298497, "min_weight_fraction_leaf": 0.049442055776326786, "max_features": 0.7030510310977897, "UnoC_LR": 0.8396174698878165}