{"splitter": "random", "min_samples_split": 0.26969799342025624, "min_samples_leaf": 0.03400433689700358, "min_weight_fraction_leaf": 0.04699760321144737, "max_features": 0.6061175836251546, "UnoC": 0.7205250605114317}