{"splitter": "random", "min_samples_split": 0.04224757180725848, "min_samples_leaf": 0.002324223095765538, "min_weight_fraction_leaf": 0.015466477571951548, "max_features": 0.9969213989040255, "UnoC": 0.6773038119717333}