{"splitter": "best", "min_samples_split": 0.12029135864431753, "min_samples_leaf": 0.044175924193285254, "min_weight_fraction_leaf": 0.037131083511610485, "max_features": 0.9801713980264842, "UnoC": 0.7773840258827056}