{"splitter": "best", "min_samples_split": 0.1137811469951, "min_samples_leaf": 0.026573332975240317, "min_weight_fraction_leaf": 0.043648303940224134, "max_features": 0.9988509294918843, "UnoC_LR": 0.8888507593246218}