{"splitter": "best", "min_samples_split": 0.1450919885972804, "min_samples_leaf": 0.009625987665255971, "min_weight_fraction_leaf": 0.008849383628667822, "max_features": 0.42417252129869437, "UnoC_LR": 0.8340697555858835}