{"splitter": "random", "min_samples_split": 0.2634327795456142, "min_samples_leaf": 0.0010397355641569754, "min_weight_fraction_leaf": 0.06902031599129063, "max_features": 0.5894070081890616, "UnoC_LR": 0.860262530255716}