{"splitter": "random", "min_samples_split": 0.055712934537462955, "min_samples_leaf": 0.03408515454971367, "min_weight_fraction_leaf": 0.02670977990584805, "max_features": 0.922010288159367, "UnoC_LR": 0.9113497956229912}