{"splitter": "best", "min_samples_split": 0.181488236332204, "min_samples_leaf": 0.0015599524210311543, "min_weight_fraction_leaf": 0.010651339121299435, "max_features": 0.8065393331335484, "UnoC": 0.6612018755665507}