{"splitter": "random", "min_samples_split": 0.16757347345383158, "min_samples_leaf": 0.016931189695610048, "min_weight_fraction_leaf": 0.06830819473749297, "max_features": 0.929829119479573, "UnoC": 0.814216204003355}